class_id,representative,orbit_size,radical_size,q_values_on_radical_xM,members_json
1,"{""c01"": 1, ""c02"": 0, ""c03"": 8, ""c12"": 2, ""c13"": 4, ""c23"": 8}",16,4,[0],"[{""c01"": 1, ""c02"": 0, ""c03"": 8, ""c12"": 2, ""c13"": 4, ""c23"": 8}, {""c01"": 3, ""c02"": 0, ""c03"": 0, ""c12"": 2, ""c13"": 12, ""c23"": 0}, {""c01"": 3, ""c02"": 0, ""c03"": 8, ""c12"": 2, ""c13"": 4, ""c23"": 8}, {""c01"": 1, ""c02"": 0, ""c03"": 0, ""c12"": 2, ""c13"": 4, ""c23"": 8}, {""c01"": 1, ""c02"": 0, ""c03"": 8, ""c12"": 2, ""c13"": 12, ""c23"": 8}, {""c01"": 3, ""c02"": 0, ""c03"": 8, ""c12"": 2, ""c13"": 12, ""c23"": 0}, {""c01"": 1, ""c02"": 0, ""c03"": 0, ""c12"": 2, ""c13"": 12, ""c23"": 8}, {""c01"": 1, ""c02"": 0, ""c03"": 8, ""c12"": 2, ""c13"": 12, ""c23"": 0}, {""c01"": 3, ""c02"": 0, ""c03"": 0, ""c12"": 2, ""c13"": 4, ""c23"": 8}, {""c01"": 3, ""c02"": 0, ""c03"": 0, ""c12"": 2, ""c13"": 12, ""c23"": 8}, {""c01"": 3, ""c02"": 0, ""c03"": 8, ""c12"": 2, ""c13"": 4, ""c23"": 0}, {""c01"": 1, ""c02"": 0, ""c03"": 0, ""c12"": 2, ""c13"": 4, ""c23"": 0}, {""c01"": 1, ""c02"": 0, ""c03"": 8, ""c12"": 2, ""c13"": 4, ""c23"": 0}, {""c01"": 1, ""c02"": 0, ""c03"": 0, ""c12"": 2, ""c13"": 12, ""c23"": 0}, {""c01"": 3, ""c02"": 0, ""c03"": 0, ""c12"": 2, ""c13"": 4, ""c23"": 0}, {""c01"": 3, ""c02"": 0, ""c03"": 8, ""c12"": 2, ""c13"": 12, ""c23"": 8}]"
2,"{""c01"": 1, ""c02"": 2, ""c03"": 12, ""c12"": 0, ""c13"": 4, ""c23"": 0}",16,4,[0],"[{""c01"": 1, ""c02"": 2, ""c03"": 12, ""c12"": 0, ""c13"": 4, ""c23"": 0}, {""c01"": 1, ""c02"": 2, ""c03"": 12, ""c12"": 0, ""c13"": 12, ""c23"": 0}, {""c01"": 3, ""c02"": 2, ""c03"": 12, ""c12"": 0, ""c13"": 4, ""c23"": 8}, {""c01"": 1, ""c02"": 2, ""c03"": 4, ""c12"": 0, ""c13"": 12, ""c23"": 0}, {""c01"": 3, ""c02"": 2, ""c03"": 4, ""c12"": 0, ""c13"": 4, ""c23"": 8}, {""c01"": 3, ""c02"": 2, ""c03"": 4, ""c12"": 0, ""c13"": 12, ""c23"": 8}, {""c01"": 3, ""c02"": 2, ""c03"": 12, ""c12"": 0, ""c13"": 12, ""c23"": 8}, {""c01"": 1, ""c02"": 2, ""c03"": 12, ""c12"": 0, ""c13"": 4, ""c23"": 8}, {""c01"": 1, ""c02"": 2, ""c03"": 4, ""c12"": 0, ""c13"": 4, ""c23"": 8}, {""c01"": 3, ""c02"": 2, ""c03"": 4, ""c12"": 0, ""c13"": 4, ""c23"": 0}, {""c01"": 1, ""c02"": 2, ""c03"": 12, ""c12"": 0, ""c13"": 12, ""c23"": 8}, {""c01"": 3, ""c02"": 2, ""c03"": 12, ""c12"": 0, ""c13"": 4, ""c23"": 0}, {""c01"": 1, ""c02"": 2, ""c03"": 4, ""c12"": 0, ""c13"": 12, ""c23"": 8}, {""c01"": 3, ""c02"": 2, ""c03"": 4, ""c12"": 0, ""c13"": 12, ""c23"": 0}, {""c01"": 3, ""c02"": 2, ""c03"": 12, ""c12"": 0, ""c13"": 12, ""c23"": 0}, {""c01"": 1, ""c02"": 2, ""c03"": 4, ""c12"": 0, ""c13"": 4, ""c23"": 0}]"
3,"{""c01"": 3, ""c02"": 2, ""c03"": 8, ""c12"": 0, ""c13"": 0, ""c23"": 8}",16,4,[0],"[{""c01"": 3, ""c02"": 2, ""c03"": 8, ""c12"": 0, ""c13"": 0, ""c23"": 8}, {""c01"": 1, ""c02"": 2, ""c03"": 8, ""c12"": 0, ""c13"": 0, ""c23"": 8}, {""c01"": 3, ""c02"": 2, ""c03"": 8, ""c12"": 0, ""c13"": 8, ""c23"": 8}, {""c01"": 1, ""c02"": 2, ""c03"": 0, ""c12"": 0, ""c13"": 0, ""c23"": 8}, {""c01"": 1, ""c02"": 2, ""c03"": 0, ""c12"": 0, ""c13"": 8, ""c23"": 8}, {""c01"": 3, ""c02"": 2, ""c03"": 0, ""c12"": 0, ""c13"": 0, ""c23"": 0}, {""c01"": 1, ""c02"": 2, ""c03"": 8, ""c12"": 0, ""c13"": 8, ""c23"": 8}, {""c01"": 3, ""c02"": 2, ""c03"": 0, ""c12"": 0, ""c13"": 8, ""c23"": 0}, {""c01"": 3, ""c02"": 2, ""c03"": 8, ""c12"": 0, ""c13"": 0, ""c23"": 0}, {""c01"": 1, ""c02"": 2, ""c03"": 8, ""c12"": 0, ""c13"": 0, ""c23"": 0}, {""c01"": 3, ""c02"": 2, ""c03"": 8, ""c12"": 0, ""c13"": 8, ""c23"": 0}, {""c01"": 3, ""c02"": 2, ""c03"": 0, ""c12"": 0, ""c13"": 8, ""c23"": 8}, {""c01"": 1, ""c02"": 2, ""c03"": 0, ""c12"": 0, ""c13"": 0, ""c23"": 0}, {""c01"": 3, ""c02"": 2, ""c03"": 0, ""c12"": 0, ""c13"": 0, ""c23"": 8}, {""c01"": 1, ""c02"": 2, ""c03"": 8, ""c12"": 0, ""c13"": 8, ""c23"": 0}, {""c01"": 1, ""c02"": 2, ""c03"": 0, ""c12"": 0, ""c13"": 8, ""c23"": 0}]"
4,"{""c01"": 3, ""c02"": 0, ""c03"": 4, ""c12"": 2, ""c13"": 8, ""c23"": 8}",16,4,[0],"[{""c01"": 3, ""c02"": 0, ""c03"": 4, ""c12"": 2, ""c13"": 8, ""c23"": 8}, {""c01"": 3, ""c02"": 0, ""c03"": 12, ""c12"": 2, ""c13"": 0, ""c23"": 8}, {""c01"": 1, ""c02"": 0, ""c03"": 12, ""c12"": 2, ""c13"": 0, ""c23"": 0}, {""c01"": 1, ""c02"": 0, ""c03"": 4, ""c12"": 2, ""c13"": 8, ""c23"": 8}, {""c01"": 1, ""c02"": 0, ""c03"": 4, ""c12"": 2, ""c13"": 0, ""c23"": 8}, {""c01"": 3, ""c02"": 0, ""c03"": 4, ""c12"": 2, ""c13"": 0, ""c23"": 0}, {""c01"": 3, ""c02"": 0, ""c03"": 4, ""c12"": 2, ""c13"": 8, ""c23"": 0}, {""c01"": 1, ""c02"": 0, ""c03"": 12, ""c12"": 2, ""c13"": 8, ""c23"": 8}, {""c01"": 3, ""c02"": 0, ""c03"": 12, ""c12"": 2, ""c13"": 8, ""c23"": 0}, {""c01"": 3, ""c02"": 0, ""c03"": 4, ""c12"": 2, ""c13"": 0, ""c23"": 8}, {""c01"": 1, ""c02"": 0, ""c03"": 4, ""c12"": 2, ""c13"": 8, ""c23"": 0}, {""c01"": 3, ""c02"": 0, ""c03"": 12, ""c12"": 2, ""c13"": 0, ""c23"": 0}, {""c01"": 1, ""c02"": 0, ""c03"": 12, ""c12"": 2, ""c13"": 0, ""c23"": 8}, {""c01"": 3, ""c02"": 0, ""c03"": 12, ""c12"": 2, ""c13"": 8, ""c23"": 8}, {""c01"": 1, ""c02"": 0, ""c03"": 4, ""c12"": 2, ""c13"": 0, ""c23"": 0}, {""c01"": 1, ""c02"": 0, ""c03"": 12, ""c12"": 2, ""c13"": 8, ""c23"": 0}]"
5,"{""c01"": 3, ""c02"": 0, ""c03"": 8, ""c12"": 0, ""c13"": 12, ""c23"": 0}",32,2,[0],"[{""c01"": 3, ""c02"": 0, ""c03"": 8, ""c12"": 0, ""c13"": 12, ""c23"": 0}, {""c01"": 3, ""c02"": 0, ""c03"": 0, ""c12"": 0, ""c13"": 12, ""c23"": 8}, {""c01"": 3, ""c02"": 2, ""c03"": 4, ""c12"": 2, ""c13"": 4, ""c23"": 0}, {""c01"": 1, ""c02"": 2, ""c03"": 12, ""c12"": 2, ""c13"": 12, ""c23"": 8}, {""c01"": 1, ""c02"": 0, ""c03"": 8, ""c12"": 0, ""c13"": 12, ""c23"": 0}, {""c01"": 1, ""c02"": 0, ""c03"": 0, ""c12"": 0, ""c13"": 12, ""c23"": 8}, {""c01"": 3, ""c02"": 0, ""c03"": 8, ""c12"": 0, ""c13"": 4, ""c23"": 8}, {""c01"": 1, ""c02"": 0, ""c03"": 8, ""c12"": 0, ""c13"": 4, ""c23"": 8}, {""c01"": 3, ""c02"": 2, ""c03"": 12, ""c12"": 2, ""c13"": 4, ""c23"": 8}, {""c01"": 1, ""c02"": 2, ""c03"": 4, ""c12"": 2, ""c13"": 12, ""c23"": 0}, {""c01"": 1, ""c02"": 2, ""c03"": 4, ""c12"": 2, ""c13"": 4, ""c23"": 8}, {""c01"": 3, ""c02"": 2, ""c03"": 12, ""c12"": 2, ""c13"": 12, ""c23"": 0}, {""c01"": 3, ""c02"": 2, ""c03"": 4, ""c12"": 2, ""c13"": 12, ""c23"": 0}, {""c01"": 1, ""c02"": 2, ""c03"": 12, ""c12"": 2, ""c13"": 4, ""c23"": 0}, {""c01"": 3, ""c02"": 0, ""c03"": 0, ""c12"": 0, ""c13"": 4, ""c23"": 0}, {""c01"": 3, ""c02"": 2, ""c03"": 4, ""c12"": 2, ""c13"": 4, ""c23"": 8}, {""c01"": 3, ""c02"": 0, ""c03"": 8, ""c12"": 0, ""c13"": 12, ""c23"": 8}, {""c01"": 1, ""c02"": 0, ""c03"": 8, ""c12"": 0, ""c13"": 12, ""c23"": 8}, {""c01"": 1, ""c02"": 0, ""c03"": 0, ""c12"": 0, ""c13"": 4, ""c23"": 0}, {""c01"": 1, ""c02"": 2, ""c03"": 4, ""c12"": 2, ""c13"": 12, ""c23"": 8}, {""c01"": 1, ""c02"": 2, ""c03"": 12, ""c12"": 2, ""c13"": 12, ""c23"": 0}, {""c01"": 3, ""c02"": 2, ""c03"": 12, ""c12"": 2, ""c13"": 12, ""c23"": 8}, {""c01"": 3, ""c02"": 0, ""c03"": 0, ""c12"": 0, ""c13"": 12, ""c23"": 0}, {""c01"": 3, ""c02"": 2, ""c03"": 4, ""c12"": 2, ""c13"": 12, ""c23"": 8}, {""c01"": 3, ""c02"": 0, ""c03"": 8, ""c12"": 0, ""c13"": 4, ""c23"": 0}, {""c01"": 3, ""c02"": 0, ""c03"": 0, ""c12"": 0, ""c13"": 4, ""c23"": 8}, {""c01"": 1, ""c02"": 0, ""c03"": 0, ""c12"": 0, ""c13"": 12, ""c23"": 0}, {""c01"": 1, ""c02"": 2, ""c03"": 12, ""c12"": 2, ""c13"": 4, ""c23"": 8}, {""c01"": 1, ""c02"": 0, ""c03"": 8, ""c12"": 0, ""c13"": 4, ""c23"": 0}, {""c01"": 1, ""c02"": 0, ""c03"": 0, ""c12"": 0, ""c13"": 4, ""c23"": 8}, {""c01"": 3, ""c02"": 2, ""c03"": 12, ""c12"": 2, ""c13"": 4, ""c23"": 0}, {""c01"": 1, ""c02"": 2, ""c03"": 4, ""c12"": 2, ""c13"": 4, ""c23"": 0}]"
6,"{""c01"": 3, ""c02"": 2, ""c03"": 8, ""c12"": 2, ""c13"": 12, ""c23"": 0}",32,2,[0],"[{""c01"": 3, ""c02"": 2, ""c03"": 8, ""c12"": 2, ""c13"": 12, ""c23"": 0}, {""c01"": 1, ""c02"": 0, ""c03"": 0, ""c12"": 0, ""c13"": 8, ""c23"": 8}, {""c01"": 1, ""c02"": 0, ""c03"": 0, ""c12"": 0, ""c13"": 0, ""c23"": 0}, {""c01"": 1, ""c02"": 2, ""c03"": 8, ""c12"": 2, ""c13"": 12, ""c23"": 0}, {""c01"": 3, ""c02"": 2, ""c03"": 0, ""c12"": 2, ""c13"": 12, ""c23"": 8}, {""c01"": 3, ""c02"": 2, ""c03"": 8, ""c12"": 2, ""c13"": 4, ""c23"": 8}, {""c01"": 3, ""c02"": 0, ""c03"": 0, ""c12"": 0, ""c13"": 0, ""c23"": 0}, {""c01"": 1, ""c02"": 0, ""c03"": 8, ""c12"": 0, ""c13"": 8, ""c23"": 8}, {""c01"": 1, ""c02"": 2, ""c03"": 0, ""c12"": 2, ""c13"": 4, ""c23"": 0}, {""c01"": 3, ""c02"": 0, ""c03"": 8, ""c12"": 0, ""c13"": 8, ""c23"": 8}, {""c01"": 3, ""c02"": 2, ""c03"": 0, ""c12"": 2, ""c13"": 4, ""c23"": 0}, {""c01"": 1, ""c02"": 2, ""c03"": 8, ""c12"": 2, ""c13"": 12, ""c23"": 8}, {""c01"": 1, ""c02"": 0, ""c03"": 0, ""c12"": 0, ""c13"": 0, ""c23"": 8}, {""c01"": 3, ""c02"": 2, ""c03"": 8, ""c12"": 2, ""c13"": 12, ""c23"": 8}, {""c01"": 3, ""c02"": 0, ""c03"": 8, ""c12"": 0, ""c13"": 0, ""c23"": 0}, {""c01"": 1, ""c02"": 2, ""c03"": 0, ""c12"": 2, ""c13"": 12, ""c23"": 8}, {""c01"": 3, ""c02"": 0, ""c03"": 0, ""c12"": 0, ""c13"": 0, ""c23"": 8}, {""c01"": 1, ""c02"": 0, ""c03"": 8, ""c12"": 0, ""c13"": 0, ""c23"": 0}, {""c01"": 1, ""c02"": 2, ""c03"": 0, ""c12"": 2, ""c13"": 4, ""c23"": 8}, {""c01"": 3, ""c02"": 0, ""c03"": 0, ""c12"": 0, ""c13"": 8, ""c23"": 0}, {""c01"": 1, ""c02"": 2, ""c03"": 0, ""c12"": 2, ""c13"": 12, ""c23"": 0}, {""c01"": 1, ""c02"": 2, ""c03"": 8, ""c12"": 2, ""c13"": 4, ""c23"": 0}, {""c01"": 1, ""c02"": 0, ""c03"": 0, ""c12"": 0, ""c13"": 8, ""c23"": 0}, {""c01"": 3, ""c02"": 2, ""c03"": 0, ""c12"": 2, ""c13"": 12, ""c23"": 0}, {""c01"": 3, ""c02"": 2, ""c03"": 8, ""c12"": 2, ""c13"": 4, ""c23"": 0}, {""c01"": 3, ""c02"": 2, ""c03"": 0, ""c12"": 2, ""c13"": 4, ""c23"": 8}, {""c01"": 1, ""c02"": 0, ""c03"": 8, ""c12"": 0, ""c13"": 8, ""c23"": 0}, {""c01"": 3, ""c02"": 0, ""c03"": 8, ""c12"": 0, ""c13"": 0, ""c23"": 8}, {""c01"": 1, ""c02"": 0, ""c03"": 8, ""c12"": 0, ""c13"": 0, ""c23"": 8}, {""c01"": 3, ""c02"": 0, ""c03"": 8, ""c12"": 0, ""c13"": 8, ""c23"": 0}, {""c01"": 3, ""c02"": 0, ""c03"": 0, ""c12"": 0, ""c13"": 8, ""c23"": 8}, {""c01"": 1, ""c02"": 2, ""c03"": 8, ""c12"": 2, ""c13"": 4, ""c23"": 8}]"
7,"{""c01"": 3, ""c02"": 0, ""c03"": 4, ""c12"": 0, ""c13"": 4, ""c23"": 0}",32,2,[0],"[{""c01"": 3, ""c02"": 0, ""c03"": 4, ""c12"": 0, ""c13"": 4, ""c23"": 0}, {""c01"": 1, ""c02"": 0, ""c03"": 4, ""c12"": 0, ""c13"": 4, ""c23"": 0}, {""c01"": 1, ""c02"": 2, ""c03"": 4, ""c12"": 2, ""c13"": 0, ""c23"": 8}, {""c01"": 3, ""c02"": 2, ""c03"": 12, ""c12"": 2, ""c13"": 8, ""c23"": 0}, {""c01"": 1, ""c02"": 2, ""c03"": 4, ""c12"": 2, ""c13"": 8, ""c23"": 0}, {""c01"": 1, ""c02"": 2, ""c03"": 12, ""c12"": 2, ""c13"": 0, ""c23"": 0}, {""c01"": 1, ""c02"": 0, ""c03"": 12, ""c12"": 0, ""c13"": 12, ""c23"": 8}, {""c01"": 3, ""c02"": 2, ""c03"": 4, ""c12"": 2, ""c13"": 0, ""c23"": 8}, {""c01"": 3, ""c02"": 2, ""c03"": 4, ""c12"": 2, ""c13"": 8, ""c23"": 0}, {""c01"": 3, ""c02"": 0, ""c03"": 12, ""c12"": 0, ""c13"": 12, ""c23"": 0}, {""c01"": 1, ""c02"": 0, ""c03"": 12, ""c12"": 0, ""c13"": 4, ""c23"": 0}, {""c01"": 3, ""c02"": 0, ""c03"": 4, ""c12"": 0, ""c13"": 4, ""c23"": 8}, {""c01"": 3, ""c02"": 0, ""c03"": 12, ""c12"": 0, ""c13"": 4, ""c23"": 8}, {""c01"": 1, ""c02"": 0, ""c03"": 4, ""c12"": 0, ""c13"": 4, ""c23"": 8}, {""c01"": 3, ""c02"": 0, ""c03"": 4, ""c12"": 0, ""c13"": 12, ""c23"": 0}, {""c01"": 1, ""c02"": 2, ""c03"": 12, ""c12"": 2, ""c13"": 8, ""c23"": 0}, {""c01"": 1, ""c02"": 0, ""c03"": 4, ""c12"": 0, ""c13"": 12, ""c23"": 0}, {""c01"": 3, ""c02"": 2, ""c03"": 12, ""c12"": 2, ""c13"": 8, ""c23"": 8}, {""c01"": 1, ""c02"": 2, ""c03"": 4, ""c12"": 2, ""c13"": 8, ""c23"": 8}, {""c01"": 1, ""c02"": 2, ""c03"": 12, ""c12"": 2, ""c13"": 0, ""c23"": 8}, {""c01"": 3, ""c02"": 2, ""c03"": 4, ""c12"": 2, ""c13"": 8, ""c23"": 8}, {""c01"": 3, ""c02"": 0, ""c03"": 12, ""c12"": 0, ""c13"": 12, ""c23"": 8}, {""c01"": 3, ""c02"": 2, ""c03"": 12, ""c12"": 2, ""c13"": 0, ""c23"": 0}, {""c01"": 1, ""c02"": 2, ""c03"": 4, ""c12"": 2, ""c13"": 0, ""c23"": 0}, {""c01"": 1, ""c02"": 0, ""c03"": 12, ""c12"": 0, ""c13"": 4, ""c23"": 8}, {""c01"": 1, ""c02"": 0, ""c03"": 12, ""c12"": 0, ""c13"": 12, ""c23"": 0}, {""c01"": 3, ""c02"": 0, ""c03"": 4, ""c12"": 0, ""c13"": 12, ""c23"": 8}, {""c01"": 3, ""c02"": 2, ""c03"": 4, ""c12"": 2, ""c13"": 0, ""c23"": 0}, {""c01"": 1, ""c02"": 2, ""c03"": 12, ""c12"": 2, ""c13"": 8, ""c23"": 8}, {""c01"": 1, ""c02"": 0, ""c03"": 4, ""c12"": 0, ""c13"": 12, ""c23"": 8}, {""c01"": 3, ""c02"": 0, ""c03"": 12, ""c12"": 0, ""c13"": 4, ""c23"": 0}, {""c01"": 3, ""c02"": 2, ""c03"": 12, ""c12"": 2, ""c13"": 0, ""c23"": 8}]"
8,"{""c01"": 1, ""c02"": 0, ""c03"": 12, ""c12"": 0, ""c13"": 0, ""c23"": 0}",32,2,[0],"[{""c01"": 1, ""c02"": 0, ""c03"": 12, ""c12"": 0, ""c13"": 0, ""c23"": 0}, {""c01"": 3, ""c02"": 0, ""c03"": 12, ""c12"": 0, ""c13"": 0, ""c23"": 8}, {""c01"": 1, ""c02"": 2, ""c03"": 0, ""c12"": 2, ""c13"": 0, ""c23"": 0}, {""c01"": 3, ""c02"": 0, ""c03"": 12, ""c12"": 0, ""c13"": 8, ""c23"": 0}, {""c01"": 3, ""c02"": 2, ""c03"": 0, ""c12"": 2, ""c13"": 0, ""c23"": 0}, {""c01"": 1, ""c02"": 2, ""c03"": 8, ""c12"": 2, ""c13"": 8, ""c23"": 8}, {""c01"": 3, ""c02"": 0, ""c03"": 4, ""c12"": 0, ""c13"": 8, ""c23"": 0}, {""c01"": 3, ""c02"": 2, ""c03"": 8, ""c12"": 2, ""c13"": 8, ""c23"": 8}, {""c01"": 1, ""c02"": 0, ""c03"": 4, ""c12"": 0, ""c13"": 8, ""c23"": 0}, {""c01"": 3, ""c02"": 0, ""c03"": 4, ""c12"": 0, ""c13"": 0, ""c23"": 8}, {""c01"": 1, ""c02"": 0, ""c03"": 4, ""c12"": 0, ""c13"": 0, ""c23"": 0}, {""c01"": 1, ""c02"": 0, ""c03"": 4, ""c12"": 0, ""c13"": 0, ""c23"": 8}, {""c01"": 1, ""c02"": 2, ""c03"": 0, ""c12"": 2, ""c13"": 8, ""c23"": 0}, {""c01"": 1, ""c02"": 2, ""c03"": 0, ""c12"": 2, ""c13"": 0, ""c23"": 8}, {""c01"": 1, ""c02"": 0, ""c03"": 12, ""c12"": 0, ""c13"": 0, ""c23"": 8}, {""c01"": 3, ""c02"": 2, ""c03"": 0, ""c12"": 2, ""c13"": 8, ""c23"": 0}, {""c01"": 3, ""c02"": 2, ""c03"": 8, ""c12"": 2, ""c13"": 0, ""c23"": 0}, {""c01"": 1, ""c02"": 0, ""c03"": 12, ""c12"": 0, ""c13"": 8, ""c23"": 0}, {""c01"": 1, ""c02"": 2, ""c03"": 8, ""c12"": 2, ""c13"": 0, ""c23"": 0}, {""c01"": 3, ""c02"": 0, ""c03"": 4, ""c12"": 0, ""c13"": 8, ""c23"": 8}, {""c01"": 3, ""c02"": 0, ""c03"": 12, ""c12"": 0, ""c13"": 8, ""c23"": 8}, {""c01"": 3, ""c02"": 2, ""c03"": 0, ""c12"": 2, ""c13"": 0, ""c23"": 8}, {""c01"": 1, ""c02"": 0, ""c03"": 4, ""c12"": 0, ""c13"": 8, ""c23"": 8}, {""c01"": 3, ""c02"": 0, ""c03"": 12, ""c12"": 0, ""c13"": 0, ""c23"": 0}, {""c01"": 1, ""c02"": 2, ""c03"": 0, ""c12"": 2, ""c13"": 8, ""c23"": 8}, {""c01"": 3, ""c02"": 2, ""c03"": 8, ""c12"": 2, ""c13"": 8, ""c23"": 0}, {""c01"": 1, ""c02"": 2, ""c03"": 8, ""c12"": 2, ""c13"": 8, ""c23"": 0}, {""c01"": 3, ""c02"": 2, ""c03"": 0, ""c12"": 2, ""c13"": 8, ""c23"": 8}, {""c01"": 3, ""c02"": 0, ""c03"": 4, ""c12"": 0, ""c13"": 0, ""c23"": 0}, {""c01"": 3, ""c02"": 2, ""c03"": 8, ""c12"": 2, ""c13"": 0, ""c23"": 8}, {""c01"": 1, ""c02"": 0, ""c03"": 12, ""c12"": 0, ""c13"": 8, ""c23"": 8}, {""c01"": 1, ""c02"": 2, ""c03"": 8, ""c12"": 2, ""c13"": 0, ""c23"": 8}]"
9,"{""c01"": 2, ""c02"": 0, ""c03"": 12, ""c12"": 2, ""c13"": 12, ""c23"": 8}",64,1,[0],"[{""c01"": 2, ""c02"": 0, ""c03"": 12, ""c12"": 2, ""c13"": 12, ""c23"": 8}, {""c01"": 2, ""c02"": 0, ""c03"": 8, ""c12"": 2, ""c13"": 8, ""c23"": 8}, {""c01"": 0, ""c02"": 0, ""c03"": 12, ""c12"": 2, ""c13"": 8, ""c23"": 8}, {""c01"": 0, ""c02"": 0, ""c03"": 4, ""c12"": 2, ""c13"": 0, ""c23"": 0}, {""c01"": 0, ""c02"": 2, ""c03"": 12, ""c12"": 0, ""c13"": 8, ""c23"": 8}, {""c01"": 2, ""c02"": 2, ""c03"": 8, ""c12"": 0, ""c13"": 0, ""c23"": 0}, {""c01"": 0, ""c02"": 2, ""c03"": 0, ""c12"": 0, ""c13"": 12, ""c23"": 8}, {""c01"": 0, ""c02"": 2, ""c03"": 8, ""c12"": 0, ""c13"": 4, ""c23"": 8}, {""c01"": 2, ""c02"": 0, ""c03"": 4, ""c12"": 2, ""c13"": 4, ""c23"": 8}, {""c01"": 2, ""c02"": 2, ""c03"": 4, ""c12"": 0, ""c13"": 4, ""c23"": 8}, {""c01"": 2, ""c02"": 0, ""c03"": 4, ""c12"": 2, ""c13"": 12, ""c23"": 0}, {""c01"": 2, ""c02"": 0, ""c03"": 12, ""c12"": 2, ""c13"": 4, ""c23"": 0}, {""c01"": 0, ""c02"": 2, ""c03"": 8, ""c12"": 0, ""c13"": 12, ""c23"": 0}, {""c01"": 2, ""c02"": 0, ""c03"": 0, ""c12"": 2, ""c13"": 8, ""c23"": 8}, {""c01"": 2, ""c02"": 2, ""c03"": 0, ""c12"": 0, ""c13"": 8, ""c23"": 0}, {""c01"": 0, ""c02"": 2, ""c03"": 12, ""c12"": 0, ""c13"": 0, ""c23"": 0}, {""c01"": 2, ""c02"": 0, ""c03"": 8, ""c12"": 2, ""c13"": 0, ""c23"": 0}, {""c01"": 2, ""c02"": 2, ""c03"": 0, ""c12"": 0, ""c13"": 0, ""c23"": 8}, {""c01"": 0, ""c02"": 0, ""c03"": 8, ""c12"": 2, ""c13"": 4, ""c23"": 8}, {""c01"": 2, ""c02"": 2, ""c03"": 12, ""c12"": 0, ""c13"": 4, ""c23"": 8}, {""c01"": 0, ""c02"": 0, ""c03"": 8, ""c12"": 2, ""c13"": 12, ""c23"": 0}, {""c01"": 0, ""c02"": 2, ""c03"": 4, ""c12"": 0, ""c13"": 0, ""c23"": 8}, {""c01"": 0, ""c02"": 2, ""c03"": 4, ""c12"": 0, ""c13"": 8, ""c23"": 0}, {""c01"": 2, ""c02"": 2, ""c03"": 12, ""c12"": 0, ""c13"": 12, ""c23"": 0}, {""c01"": 0, ""c02"": 0, ""c03"": 0, ""c12"": 2, ""c13"": 12, ""c23"": 8}, {""c01"": 0, ""c02"": 0, ""c03"": 12, ""c12"": 2, ""c13"": 0, ""c23"": 0}, {""c01"": 2, ""c02"": 2, ""c03"": 4, ""c12"": 0, ""c13"": 12, ""c23"": 8}, {""c01"": 0, ""c02"": 0, ""c03"": 4, ""c12"": 2, ""c13"": 0, ""c23"": 8}, {""c01"": 0, ""c02"": 2, ""c03"": 0, ""c12"": 0, ""c13"": 4, ""c23"": 0}, {""c01"": 2, ""c02"": 2, ""c03"": 8, ""c12"": 0, ""c13"": 0, ""c23"": 8}, {""c01"": 0, ""c02"": 0, ""c03"": 4, ""c12"": 2, ""c13"": 8, ""c23"": 0}, {""c01"": 2, ""c02"": 2, ""c03"": 8, ""c12"": 0, ""c13"": 8, ""c23"": 0}, {""c01"": 0, ""c02"": 0, ""c03"": 0, ""c12"": 2, ""c13"": 4, ""c23"": 0}, {""c01"": 0, ""c02"": 2, ""c03"": 8, ""c12"": 0, ""c13"": 12, ""c23"": 8}, {""c01"": 2, ""c02"": 0, ""c03"": 0, ""c12"": 2, ""c13"": 0, ""c23"": 0}, {""c01"": 2, ""c02"": 0, ""c03"": 4, ""c12"": 2, ""c13"": 12, ""c23"": 8}, {""c01"": 2, ""c02"": 2, ""c03"": 0, ""c12"": 0, ""c13"": 8, ""c23"": 8}, {""c01"": 2, ""c02"": 0, ""c03"": 12, ""c12"": 2, ""c13"": 4, ""c23"": 8}, {""c01"": 2, ""c02"": 0, ""c03"": 8, ""c12"": 2, ""c13"": 0, ""c23"": 8}, {""c01"": 2, ""c02"": 0, ""c03"": 12, ""c12"": 2, ""c13"": 12, ""c23"": 0}, {""c01"": 0, ""c02"": 2, ""c03"": 12, ""c12"": 0, ""c13"": 0, ""c23"": 8}, {""c01"": 0, ""c02"": 2, ""c03"": 12, ""c12"": 0, ""c13"": 8, ""c23"": 0}, {""c01"": 2, ""c02"": 0, ""c03"": 8, ""c12"": 2, ""c13"": 8, ""c23"": 0}, {""c01"": 0, ""c02"": 0, ""c03"": 8, ""c12"": 2, ""c13"": 12, ""c23"": 8}, {""c01"": 0, ""c02"": 0, ""c03"": 12, ""c12"": 2, ""c13"": 8, ""c23"": 0}, {""c01"": 2, ""c02"": 0, ""c03"": 4, ""c12"": 2, ""c13"": 4, ""c23"": 0}, {""c01"": 2, ""c02"": 2, ""c03"": 4, ""c12"": 0, ""c13"": 4, ""c23"": 0}, {""c01"": 2, ""c02"": 2, ""c03"": 12, ""c12"": 0, ""c13"": 12, ""c23"": 8}, {""c01"": 0, ""c02"": 0, ""c03"": 12, ""c12"": 2, ""c13"": 0, ""c23"": 8}, {""c01"": 0, ""c02"": 2, ""c03"": 0, ""c12"": 0, ""c13"": 12, ""c23"": 0}, {""c01"": 0, ""c02"": 2, ""c03"": 4, ""c12"": 0, ""c13"": 8, ""c23"": 8}, {""c01"": 0, ""c02"": 2, ""c03"": 8, ""c12"": 0, ""c13"": 4, ""c23"": 0}, {""c01"": 0, ""c02"": 2, ""c03"": 0, ""c12"": 0, ""c13"": 4, ""c23"": 8}, {""c01"": 2, ""c02"": 0, ""c03"": 0, ""c12"": 2, ""c13"": 8, ""c23"": 0}, {""c01"": 0, ""c02"": 0, ""c03"": 8, ""c12"": 2, ""c13"": 4, ""c23"": 0}, {""c01"": 2, ""c02"": 2, ""c03"": 12, ""c12"": 0, ""c13"": 4, ""c23"": 0}, {""c01"": 2, ""c02"": 0, ""c03"": 0, ""c12"": 2, ""c13"": 0, ""c23"": 8}, {""c01"": 0, ""c02"": 0, ""c03"": 4, ""c12"": 2, ""c13"": 8, ""c23"": 8}, {""c01"": 0, ""c02"": 2, ""c03"": 4, ""c12"": 0, ""c13"": 0, ""c23"": 0}, {""c01"": 2, ""c02"": 2, ""c03"": 0, ""c12"": 0, ""c13"": 0, ""c23"": 0}, {""c01"": 0, ""c02"": 0, ""c03"": 0, ""c12"": 2, ""c13"": 4, ""c23"": 8}, {""c01"": 2, ""c02"": 2, ""c03"": 8, ""c12"": 0, ""c13"": 8, ""c23"": 8}, {""c01"": 0, ""c02"": 0, ""c03"": 0, ""c12"": 2, ""c13"": 12, ""c23"": 0}, {""c01"": 2, ""c02"": 2, ""c03"": 4, ""c12"": 0, ""c13"": 12, ""c23"": 0}]"
10,"{""c01"": 0, ""c02"": 0, ""c03"": 8, ""c12"": 0, ""c13"": 12, ""c23"": 8}",64,1,[0],"[{""c01"": 0, ""c02"": 0, ""c03"": 8, ""c12"": 0, ""c13"": 12, ""c23"": 8}, {""c01"": 2, ""c02"": 0, ""c03"": 0, ""c12"": 0, ""c13"": 8, ""c23"": 8}, {""c01"": 0, ""c02"": 0, ""c03"": 12, ""c12"": 0, ""c13"": 0, ""c23"": 8}, {""c01"": 2, ""c02"": 2, ""c03"": 8, ""c12"": 2, ""c13"": 8, ""c23"": 8}, {""c01"": 2, ""c02"": 2, ""c03"": 4, ""c12"": 2, ""c13"": 12, ""c23"": 8}, {""c01"": 0, ""c02"": 0, ""c03"": 12, ""c12"": 0, ""c13"": 8, ""c23"": 0}, {""c01"": 2, ""c02"": 0, ""c03"": 4, ""c12"": 0, ""c13"": 4, ""c23"": 0}, {""c01"": 2, ""c02"": 2, ""c03"": 12, ""c12"": 2, ""c13"": 4, ""c23"": 0}, {""c01"": 0, ""c02"": 0, ""c03"": 8, ""c12"": 0, ""c13"": 4, ""c23"": 0}, {""c01"": 0, ""c02"": 0, ""c03"": 0, ""c12"": 0, ""c13"": 12, ""c23"": 8}, {""c01"": 0, ""c02"": 0, ""c03"": 4, ""c12"": 0, ""c13"": 8, ""c23"": 8}, {""c01"": 0, ""c02"": 2, ""c03"": 8, ""c12"": 2, ""c13"": 12, ""c23"": 8}, {""c01"": 0, ""c02"": 2, ""c03"": 12, ""c12"": 2, ""c13"": 8, ""c23"": 0}, {""c01"": 2, ""c02"": 2, ""c03"": 0, ""c12"": 2, ""c13"": 8, ""c23"": 8}, {""c01"": 0, ""c02"": 2, ""c03"": 0, ""c12"": 2, ""c13"": 12, ""c23"": 8}, {""c01"": 2, ""c02"": 2, ""c03"": 8, ""c12"": 2, ""c13"": 0, ""c23"": 0}, {""c01"": 0, ""c02"": 2, ""c03"": 4, ""c12"": 2, ""c13"": 8, ""c23"": 8}, {""c01"": 0, ""c02"": 2, ""c03"": 12, ""c12"": 2, ""c13"": 0, ""c23"": 8}, {""c01"": 2, ""c02"": 0, ""c03"": 12, ""c12"": 0, ""c13"": 12, ""c23"": 8}, {""c01"": 2, ""c02"": 0, ""c03"": 8, ""c12"": 0, ""c13"": 8, ""c23"": 8}, {""c01"": 0, ""c02"": 0, ""c03"": 4, ""c12"": 0, ""c13"": 0, ""c23"": 0}, {""c01"": 2, ""c02"": 0, ""c03"": 0, ""c12"": 0, ""c13"": 0, ""c23"": 0}, {""c01"": 2, ""c02"": 2, ""c03"": 4, ""c12"": 2, ""c13"": 4, ""c23"": 0}, {""c01"": 0, ""c02"": 0, ""c03"": 0, ""c12"": 0, ""c13"": 4, ""c23"": 0}, {""c01"": 0, ""c02"": 2, ""c03"": 8, ""c12"": 2, ""c13"": 4, ""c23"": 0}, {""c01"": 2, ""c02"": 0, ""c03"": 4, ""c12"": 0, ""c13"": 12, ""c23"": 0}, {""c01"": 2, ""c02"": 2, ""c03"": 12, ""c12"": 2, ""c13"": 12, ""c23"": 0}, {""c01"": 2, ""c02"": 0, ""c03"": 12, ""c12"": 0, ""c13"": 4, ""c23"": 0}, {""c01"": 0, ""c02"": 0, ""c03"": 12, ""c12"": 0, ""c13"": 8, ""c23"": 8}, {""c01"": 2, ""c02"": 0, ""c03"": 4, ""c12"": 0, ""c13"": 4, ""c23"": 8}, {""c01"": 2, ""c02"": 0, ""c03"": 8, ""c12"": 0, ""c13"": 0, ""c23"": 0}, {""c01"": 0, ""c02"": 0, ""c03"": 8, ""c12"": 0, ""c13"": 4, ""c23"": 8}, {""c01"": 2, ""c02"": 2, ""c03"": 8, ""c12"": 2, ""c13"": 0, ""c23"": 8}, {""c01"": 2, ""c02"": 2, ""c03"": 12, ""c12"": 2, ""c13"": 4, ""c23"": 8}, {""c01"": 0, ""c02"": 2, ""c03"": 4, ""c12"": 2, ""c13"": 0, ""c23"": 0}, {""c01"": 0, ""c02"": 2, ""c03"": 0, ""c12"": 2, ""c13"": 4, ""c23"": 0}, {""c01"": 0, ""c02"": 0, ""c03"": 8, ""c12"": 0, ""c13"": 12, ""c23"": 0}, {""c01"": 2, ""c02"": 2, ""c03"": 0, ""c12"": 2, ""c13"": 0, ""c23"": 0}, {""c01"": 0, ""c02"": 2, ""c03"": 12, ""c12"": 2, ""c13"": 8, ""c23"": 8}, {""c01"": 2, ""c02"": 0, ""c03"": 8, ""c12"": 0, ""c13"": 8, ""c23"": 0}, {""c01"": 2, ""c02"": 2, ""c03"": 8, ""c12"": 2, ""c13"": 8, ""c23"": 0}, {""c01"": 2, ""c02"": 2, ""c03"": 4, ""c12"": 2, ""c13"": 12, ""c23"": 0}, {""c01"": 2, ""c02"": 0, ""c03"": 0, ""c12"": 0, ""c13"": 8, ""c23"": 0}, {""c01"": 0, ""c02"": 0, ""c03"": 12, ""c12"": 0, ""c13"": 0, ""c23"": 0}, {""c01"": 0, ""c02"": 0, ""c03"": 0, ""c12"": 0, ""c13"": 4, ""c23"": 8}, {""c01"": 0, ""c02"": 0, ""c03"": 4, ""c12"": 0, ""c13"": 0, ""c23"": 8}, {""c01"": 0, ""c02"": 2, ""c03"": 8, ""c12"": 2, ""c13"": 4, ""c23"": 8}, {""c01"": 2, ""c02"": 0, ""c03"": 0, ""c12"": 0, ""c13"": 0, ""c23"": 8}, {""c01"": 2, ""c02"": 2, ""c03"": 4, ""c12"": 2, ""c13"": 4, ""c23"": 8}, {""c01"": 0, ""c02"": 0, ""c03"": 4, ""c12"": 0, ""c13"": 8, ""c23"": 0}, {""c01"": 0, ""c02"": 2, ""c03"": 0, ""c12"": 2, ""c13"": 12, ""c23"": 0}, {""c01"": 2, ""c02"": 0, ""c03"": 4, ""c12"": 0, ""c13"": 12, ""c23"": 8}, {""c01"": 0, ""c02"": 0, ""c03"": 0, ""c12"": 0, ""c13"": 12, ""c23"": 0}, {""c01"": 0, ""c02"": 2, ""c03"": 8, ""c12"": 2, ""c13"": 12, ""c23"": 0}, {""c01"": 2, ""c02"": 0, ""c03"": 12, ""c12"": 0, ""c13"": 4, ""c23"": 8}, {""c01"": 2, ""c02"": 2, ""c03"": 12, ""c12"": 2, ""c13"": 12, ""c23"": 8}, {""c01"": 0, ""c02"": 2, ""c03"": 4, ""c12"": 2, ""c13"": 8, ""c23"": 0}, {""c01"": 2, ""c02"": 0, ""c03"": 8, ""c12"": 0, ""c13"": 0, ""c23"": 8}, {""c01"": 2, ""c02"": 2, ""c03"": 0, ""c12"": 2, ""c13"": 8, ""c23"": 0}, {""c01"": 0, ""c02"": 2, ""c03"": 12, ""c12"": 2, ""c13"": 0, ""c23"": 0}, {""c01"": 2, ""c02"": 0, ""c03"": 12, ""c12"": 0, ""c13"": 12, ""c23"": 0}, {""c01"": 2, ""c02"": 2, ""c03"": 0, ""c12"": 2, ""c13"": 0, ""c23"": 8}, {""c01"": 0, ""c02"": 2, ""c03"": 0, ""c12"": 2, ""c13"": 4, ""c23"": 8}, {""c01"": 0, ""c02"": 2, ""c03"": 4, ""c12"": 2, ""c13"": 0, ""c23"": 8}]"
11,"{""c01"": 1, ""c02"": 0, ""c03"": 12, ""c12"": 2, ""c13"": 4, ""c23"": 0}",32,4,"[0, 16]","[{""c01"": 1, ""c02"": 0, ""c03"": 12, ""c12"": 2, ""c13"": 4, ""c23"": 0}, {""c01"": 1, ""c02"": 0, ""c03"": 4, ""c12"": 2, ""c13"": 12, ""c23"": 8}, {""c01"": 1, ""c02"": 0, ""c03"": 0, ""c12"": 2, ""c13"": 8, ""c23"": 8}, {""c01"": 1, ""c02"": 0, ""c03"": 4, ""c12"": 2, ""c13"": 4, ""c23"": 0}, {""c01"": 3, ""c02"": 0, ""c03"": 4, ""c12"": 2, ""c13"": 4, ""c23"": 8}, {""c01"": 1, ""c02"": 0, ""c03"": 8, ""c12"": 2, ""c13"": 0, ""c23"": 8}, {""c01"": 3, ""c02"": 0, ""c03"": 4, ""c12"": 2, ""c13"": 12, ""c23"": 0}, {""c01"": 3, ""c02"": 0, ""c03"": 12, ""c12"": 2, ""c13"": 4, ""c23"": 0}, {""c01"": 1, ""c02"": 0, ""c03"": 8, ""c12"": 2, ""c13"": 8, ""c23"": 0}, {""c01"": 3, ""c02"": 0, ""c03"": 8, ""c12"": 2, ""c13"": 0, ""c23"": 0}, {""c01"": 1, ""c02"": 0, ""c03"": 0, ""c12"": 2, ""c13"": 0, ""c23"": 0}, {""c01"": 1, ""c02"": 0, ""c03"": 12, ""c12"": 2, ""c13"": 12, ""c23"": 0}, {""c01"": 3, ""c02"": 0, ""c03"": 0, ""c12"": 2, ""c13"": 8, ""c23"": 8}, {""c01"": 3, ""c02"": 0, ""c03"": 0, ""c12"": 2, ""c13"": 0, ""c23"": 0}, {""c01"": 1, ""c02"": 0, ""c03"": 4, ""c12"": 2, ""c13"": 4, ""c23"": 8}, {""c01"": 3, ""c02"": 0, ""c03"": 12, ""c12"": 2, ""c13"": 12, ""c23"": 0}, {""c01"": 1, ""c02"": 0, ""c03"": 12, ""c12"": 2, ""c13"": 4, ""c23"": 8}, {""c01"": 3, ""c02"": 0, ""c03"": 4, ""c12"": 2, ""c13"": 12, ""c23"": 8}, {""c01"": 3, ""c02"": 0, ""c03"": 8, ""c12"": 2, ""c13"": 8, ""c23"": 0}, {""c01"": 3, ""c02"": 0, ""c03"": 12, ""c12"": 2, ""c13"": 4, ""c23"": 8}, {""c01"": 1, ""c02"": 0, ""c03"": 8, ""c12"": 2, ""c13"": 8, ""c23"": 8}, {""c01"": 3, ""c02"": 0, ""c03"": 8, ""c12"": 2, ""c13"": 0, ""c23"": 8}, {""c01"": 1, ""c02"": 0, ""c03"": 0, ""c12"": 2, ""c13"": 0, ""c23"": 8}, {""c01"": 1, ""c02"": 0, ""c03"": 4, ""c12"": 2, ""c13"": 12, ""c23"": 0}, {""c01"": 1, ""c02"": 0, ""c03"": 0, ""c12"": 2, ""c13"": 8, ""c23"": 0}, {""c01"": 3, ""c02"": 0, ""c03"": 4, ""c12"": 2, ""c13"": 4, ""c23"": 0}, {""c01"": 1, ""c02"": 0, ""c03"": 8, ""c12"": 2, ""c13"": 0, ""c23"": 0}, {""c01"": 1, ""c02"": 0, ""c03"": 12, ""c12"": 2, ""c13"": 12, ""c23"": 8}, {""c01"": 3, ""c02"": 0, ""c03"": 0, ""c12"": 2, ""c13"": 0, ""c23"": 8}, {""c01"": 3, ""c02"": 0, ""c03"": 12, ""c12"": 2, ""c13"": 12, ""c23"": 8}, {""c01"": 3, ""c02"": 0, ""c03"": 8, ""c12"": 2, ""c13"": 8, ""c23"": 8}, {""c01"": 3, ""c02"": 0, ""c03"": 0, ""c12"": 2, ""c13"": 8, ""c23"": 0}]"
12,"{""c01"": 1, ""c02"": 2, ""c03"": 4, ""c12"": 0, ""c13"": 0, ""c23"": 0}",32,4,"[0, 16]","[{""c01"": 1, ""c02"": 2, ""c03"": 4, ""c12"": 0, ""c13"": 0, ""c23"": 0}, {""c01"": 1, ""c02"": 2, ""c03"": 12, ""c12"": 0, ""c13"": 0, ""c23"": 0}, {""c01"": 1, ""c02"": 2, ""c03"": 0, ""c12"": 0, ""c13"": 4, ""c23"": 8}, {""c01"": 3, ""c02"": 2, ""c03"": 4, ""c12"": 0, ""c13"": 0, ""c23"": 8}, {""c01"": 3, ""c02"": 2, ""c03"": 12, ""c12"": 0, ""c13"": 8, ""c23"": 8}, {""c01"": 3, ""c02"": 2, ""c03"": 4, ""c12"": 0, ""c13"": 8, ""c23"": 0}, {""c01"": 3, ""c02"": 2, ""c03"": 0, ""c12"": 0, ""c13"": 12, ""c23"": 8}, {""c01"": 1, ""c02"": 2, ""c03"": 12, ""c12"": 0, ""c13"": 8, ""c23"": 0}, {""c01"": 3, ""c02"": 2, ""c03"": 8, ""c12"": 0, ""c13"": 12, ""c23"": 8}, {""c01"": 1, ""c02"": 2, ""c03"": 0, ""c12"": 0, ""c13"": 12, ""c23"": 8}, {""c01"": 3, ""c02"": 2, ""c03"": 0, ""c12"": 0, ""c13"": 4, ""c23"": 0}, {""c01"": 1, ""c02"": 2, ""c03"": 8, ""c12"": 0, ""c13"": 12, ""c23"": 8}, {""c01"": 1, ""c02"": 2, ""c03"": 12, ""c12"": 0, ""c13"": 0, ""c23"": 8}, {""c01"": 1, ""c02"": 2, ""c03"": 4, ""c12"": 0, ""c13"": 0, ""c23"": 8}, {""c01"": 3, ""c02"": 2, ""c03"": 12, ""c12"": 0, ""c13"": 0, ""c23"": 0}, {""c01"": 1, ""c02"": 2, ""c03"": 4, ""c12"": 0, ""c13"": 8, ""c23"": 0}, {""c01"": 3, ""c02"": 2, ""c03"": 8, ""c12"": 0, ""c13"": 4, ""c23"": 0}, {""c01"": 1, ""c02"": 2, ""c03"": 8, ""c12"": 0, ""c13"": 4, ""c23"": 0}, {""c01"": 3, ""c02"": 2, ""c03"": 4, ""c12"": 0, ""c13"": 8, ""c23"": 8}, {""c01"": 3, ""c02"": 2, ""c03"": 0, ""c12"": 0, ""c13"": 12, ""c23"": 0}, {""c01"": 1, ""c02"": 2, ""c03"": 0, ""c12"": 0, ""c13"": 4, ""c23"": 0}, {""c01"": 3, ""c02"": 2, ""c03"": 0, ""c12"": 0, ""c13"": 4, ""c23"": 8}, {""c01"": 1, ""c02"": 2, ""c03"": 12, ""c12"": 0, ""c13"": 8, ""c23"": 8}, {""c01"": 3, ""c02"": 2, ""c03"": 4, ""c12"": 0, ""c13"": 0, ""c23"": 0}, {""c01"": 3, ""c02"": 2, ""c03"": 12, ""c12"": 0, ""c13"": 8, ""c23"": 0}, {""c01"": 3, ""c02"": 2, ""c03"": 12, ""c12"": 0, ""c13"": 0, ""c23"": 8}, {""c01"": 1, ""c02"": 2, ""c03"": 4, ""c12"": 0, ""c13"": 8, ""c23"": 8}, {""c01"": 3, ""c02"": 2, ""c03"": 8, ""c12"": 0, ""c13"": 4, ""c23"": 8}, {""c01"": 1, ""c02"": 2, ""c03"": 8, ""c12"": 0, ""c13"": 4, ""c23"": 8}, {""c01"": 3, ""c02"": 2, ""c03"": 8, ""c12"": 0, ""c13"": 12, ""c23"": 0}, {""c01"": 1, ""c02"": 2, ""c03"": 8, ""c12"": 0, ""c13"": 12, ""c23"": 0}, {""c01"": 1, ""c02"": 2, ""c03"": 0, ""c12"": 0, ""c13"": 12, ""c23"": 0}]"
13,"{""c01"": 2, ""c02"": 2, ""c03"": 0, ""c12"": 2, ""c13"": 4, ""c23"": 8}",64,1,[0],"[{""c01"": 2, ""c02"": 2, ""c03"": 0, ""c12"": 2, ""c13"": 4, ""c23"": 8}, {""c01"": 0, ""c02"": 2, ""c03"": 0, ""c12"": 2, ""c13"": 8, ""c23"": 8}, {""c01"": 2, ""c02"": 0, ""c03"": 8, ""c12"": 0, ""c13"": 12, ""c23"": 0}, {""c01"": 2, ""c02"": 2, ""c03"": 8, ""c12"": 2, ""c13"": 12, ""c23"": 8}, {""c01"": 0, ""c02"": 2, ""c03"": 4, ""c12"": 2, ""c13"": 12, ""c23"": 0}, {""c01"": 2, ""c02"": 0, ""c03"": 8, ""c12"": 0, ""c13"": 4, ""c23"": 8}, {""c01"": 2, ""c02"": 2, ""c03"": 0, ""c12"": 2, ""c13"": 12, ""c23"": 0}, {""c01"": 0, ""c02"": 0, ""c03"": 8, ""c12"": 0, ""c13"": 0, ""c23"": 0}, {""c01"": 0, ""c02"": 2, ""c03"": 12, ""c12"": 2, ""c13"": 4, ""c23"": 0}, {""c01"": 2, ""c02"": 2, ""c03"": 4, ""c12"": 2, ""c13"": 0, ""c23"": 0}, {""c01"": 0, ""c02"": 2, ""c03"": 4, ""c12"": 2, ""c13"": 4, ""c23"": 8}, {""c01"": 0, ""c02"": 0, ""c03"": 12, ""c12"": 0, ""c13"": 12, ""c23"": 0}, {""c01"": 2, ""c02"": 0, ""c03"": 4, ""c12"": 0, ""c13"": 8, ""c23"": 0}, {""c01"": 2, ""c02"": 2, ""c03"": 12, ""c12"": 2, ""c13"": 8, ""c23"": 0}, {""c01"": 2, ""c02"": 0, ""c03"": 12, ""c12"": 0, ""c13"": 0, ""c23"": 0}, {""c01"": 0, ""c02"": 0, ""c03"": 4, ""c12"": 0, ""c13"": 12, ""c23"": 8}, {""c01"": 2, ""c02"": 0, ""c03"": 0, ""c12"": 0, ""c13"": 12, ""c23"": 8}, {""c01"": 0, ""c02"": 0, ""c03"": 12, ""c12"": 0, ""c13"": 4, ""c23"": 8}, {""c01"": 0, ""c02"": 2, ""c03"": 0, ""c12"": 2, ""c13"": 0, ""c23"": 0}, {""c01"": 0, ""c02"": 0, ""c03"": 0, ""c12"": 0, ""c13"": 0, ""c23"": 0}, {""c01"": 0, ""c02"": 2, ""c03"": 8, ""c12"": 2, ""c13"": 0, ""c23"": 0}, {""c01"": 2, ""c02"": 0, ""c03"": 4, ""c12"": 0, ""c13"": 0, ""c23"": 8}, {""c01"": 2, ""c02"": 2, ""c03"": 12, ""c12"": 2, ""c13"": 0, ""c23"": 8}, {""c01"": 0, ""c02"": 0, ""c03"": 8, ""c12"": 0, ""c13"": 8, ""c23"": 0}, {""c01"": 2, ""c02"": 0, ""c03"": 8, ""c12"": 0, ""c13"": 12, ""c23"": 8}, {""c01"": 0, ""c02"": 2, ""c03"": 12, ""c12"": 2, ""c13"": 12, ""c23"": 0}, {""c01"": 2, ""c02"": 2, ""c03"": 8, ""c12"": 2, ""c13"": 4, ""c23"": 0}, {""c01"": 2, ""c02"": 2, ""c03"": 0, ""c12"": 2, ""c13"": 12, ""c23"": 8}, {""c01"": 2, ""c02"": 0, ""c03"": 0, ""c12"": 0, ""c13"": 4, ""c23"": 0}, {""c01"": 0, ""c02"": 0, ""c03"": 8, ""c12"": 0, ""c13"": 0, ""c23"": 8}, {""c01"": 0, ""c02"": 2, ""c03"": 4, ""c12"": 2, ""c13"": 12, ""c23"": 8}, {""c01"": 0, ""c02"": 2, ""c03"": 8, ""c12"": 2, ""c13"": 8, ""c23"": 8}, {""c01"": 0, ""c02"": 2, ""c03"": 12, ""c12"": 2, ""c13"": 4, ""c23"": 8}, {""c01"": 2, ""c02"": 0, ""c03"": 12, ""c12"": 0, ""c13"": 8, ""c23"": 0}, {""c01"": 2, ""c02"": 2, ""c03"": 4, ""c12"": 2, ""c13"": 0, ""c23"": 8}, {""c01"": 0, ""c02"": 0, ""c03"": 12, ""c12"": 0, ""c13"": 12, ""c23"": 8}, {""c01"": 0, ""c02"": 0, ""c03"": 4, ""c12"": 0, ""c13"": 4, ""c23"": 0}, {""c01"": 2, ""c02"": 2, ""c03"": 4, ""c12"": 2, ""c13"": 8, ""c23"": 0}, {""c01"": 2, ""c02"": 2, ""c03"": 0, ""c12"": 2, ""c13"": 4, ""c23"": 0}, {""c01"": 0, ""c02"": 2, ""c03"": 0, ""c12"": 2, ""c13"": 8, ""c23"": 0}, {""c01"": 2, ""c02"": 0, ""c03"": 4, ""c12"": 0, ""c13"": 8, ""c23"": 8}, {""c01"": 0, ""c02"": 0, ""c03"": 0, ""c12"": 0, ""c13"": 8, ""c23"": 0}, {""c01"": 0, ""c02"": 2, ""c03"": 8, ""c12"": 2, ""c13"": 8, ""c23"": 0}, {""c01"": 2, ""c02"": 0, ""c03"": 12, ""c12"": 0, ""c13"": 0, ""c23"": 8}, {""c01"": 2, ""c02"": 2, ""c03"": 12, ""c12"": 2, ""c13"": 8, ""c23"": 8}, {""c01"": 0, ""c02"": 0, ""c03"": 0, ""c12"": 0, ""c13"": 0, ""c23"": 8}, {""c01"": 0, ""c02"": 2, ""c03"": 8, ""c12"": 2, ""c13"": 0, ""c23"": 8}, {""c01"": 0, ""c02"": 2, ""c03"": 0, ""c12"": 2, ""c13"": 0, ""c23"": 8}, {""c01"": 2, ""c02"": 2, ""c03"": 4, ""c12"": 2, ""c13"": 8, ""c23"": 8}, {""c01"": 2, ""c02"": 2, ""c03"": 8, ""c12"": 2, ""c13"": 12, ""c23"": 0}, {""c01"": 2, ""c02"": 0, ""c03"": 8, ""c12"": 0, ""c13"": 4, ""c23"": 0}, {""c01"": 0, ""c02"": 0, ""c03"": 8, ""c12"": 0, ""c13"": 8, ""c23"": 8}, {""c01"": 2, ""c02"": 2, ""c03"": 8, ""c12"": 2, ""c13"": 4, ""c23"": 8}, {""c01"": 0, ""c02"": 2, ""c03"": 4, ""c12"": 2, ""c13"": 4, ""c23"": 0}, {""c01"": 2, ""c02"": 0, ""c03"": 0, ""c12"": 0, ""c13"": 4, ""c23"": 8}, {""c01"": 0, ""c02"": 2, ""c03"": 12, ""c12"": 2, ""c13"": 12, ""c23"": 8}, {""c01"": 0, ""c02"": 0, ""c03"": 4, ""c12"": 0, ""c13"": 12, ""c23"": 0}, {""c01"": 2, ""c02"": 0, ""c03"": 0, ""c12"": 0, ""c13"": 12, ""c23"": 0}, {""c01"": 2, ""c02"": 2, ""c03"": 12, ""c12"": 2, ""c13"": 0, ""c23"": 0}, {""c01"": 0, ""c02"": 0, ""c03"": 12, ""c12"": 0, ""c13"": 4, ""c23"": 0}, {""c01"": 2, ""c02"": 0, ""c03"": 4, ""c12"": 0, ""c13"": 0, ""c23"": 0}, {""c01"": 2, ""c02"": 0, ""c03"": 12, ""c12"": 0, ""c13"": 8, ""c23"": 8}, {""c01"": 0, ""c02"": 0, ""c03"": 0, ""c12"": 0, ""c13"": 8, ""c23"": 8}, {""c01"": 0, ""c02"": 0, ""c03"": 4, ""c12"": 0, ""c13"": 4, ""c23"": 8}]"
14,"{""c01"": 2, ""c02"": 0, ""c03"": 4, ""c12"": 2, ""c13"": 0, ""c23"": 8}",64,1,[0],"[{""c01"": 2, ""c02"": 0, ""c03"": 4, ""c12"": 2, ""c13"": 0, ""c23"": 8}, {""c01"": 0, ""c02"": 2, ""c03"": 8, ""c12"": 0, ""c13"": 0, ""c23"": 8}, {""c01"": 2, ""c02"": 0, ""c03"": 0, ""c12"": 2, ""c13"": 12, ""c23"": 0}, {""c01"": 0, ""c02"": 0, ""c03"": 8, ""c12"": 2, ""c13"": 8, ""c23"": 0}, {""c01"": 2, ""c02"": 2, ""c03"": 12, ""c12"": 0, ""c13"": 8, ""c23"": 0}, {""c01"": 2, ""c02"": 0, ""c03"": 8, ""c12"": 2, ""c13"": 12, ""c23"": 8}, {""c01"": 0, ""c02"": 2, ""c03"": 4, ""c12"": 0, ""c13"": 4, ""c23"": 0}, {""c01"": 2, ""c02"": 2, ""c03"": 0, ""c12"": 0, ""c13"": 4, ""c23"": 0}, {""c01"": 0, ""c02"": 0, ""c03"": 0, ""c12"": 2, ""c13"": 8, ""c23"": 8}, {""c01"": 0, ""c02"": 2, ""c03"": 12, ""c12"": 0, ""c13"": 12, ""c23"": 8}, {""c01"": 0, ""c02"": 0, ""c03"": 8, ""c12"": 2, ""c13"": 0, ""c23"": 8}, {""c01"": 2, ""c02"": 2, ""c03"": 12, ""c12"": 0, ""c13"": 0, ""c23"": 8}, {""c01"": 0, ""c02"": 2, ""c03"": 0, ""c12"": 0, ""c13"": 0, ""c23"": 0}, {""c01"": 0, ""c02"": 0, ""c03"": 12, ""c12"": 2, ""c13"": 12, ""c23"": 8}, {""c01"": 0, ""c02"": 0, ""c03"": 4, ""c12"": 2, ""c13"": 4, ""c23"": 0}, {""c01"": 2, ""c02"": 2, ""c03"": 8, ""c12"": 0, ""c13"": 4, ""c23"": 0}, {""c01"": 0, ""c02"": 2, ""c03"": 8, ""c12"": 0, ""c13"": 8, ""c23"": 8}, {""c01"": 2, ""c02"": 0, ""c03"": 4, ""c12"": 2, ""c13"": 8, ""c23"": 8}, {""c01"": 2, ""c02"": 2, ""c03"": 4, ""c12"": 0, ""c13"": 8, ""c23"": 8}, {""c01"": 2, ""c02"": 0, ""c03"": 12, ""c12"": 2, ""c13"": 0, ""c23"": 8}, {""c01"": 2, ""c02"": 0, ""c03"": 12, ""c12"": 2, ""c13"": 8, ""c23"": 0}, {""c01"": 2, ""c02"": 0, ""c03"": 0, ""c12"": 2, ""c13"": 12, ""c23"": 8}, {""c01"": 0, ""c02"": 2, ""c03"": 4, ""c12"": 0, ""c13"": 12, ""c23"": 0}, {""c01"": 2, ""c02"": 2, ""c03"": 0, ""c12"": 0, ""c13"": 12, ""c23"": 0}, {""c01"": 0, ""c02"": 2, ""c03"": 12, ""c12"": 0, ""c13"": 4, ""c23"": 0}, {""c01"": 2, ""c02"": 0, ""c03"": 8, ""c12"": 2, ""c13"": 4, ""c23"": 0}, {""c01"": 0, ""c02"": 0, ""c03"": 8, ""c12"": 2, ""c13"": 8, ""c23"": 8}, {""c01"": 2, ""c02"": 2, ""c03"": 4, ""c12"": 0, ""c13"": 0, ""c23"": 0}, {""c01"": 2, ""c02"": 2, ""c03"": 12, ""c12"": 0, ""c13"": 8, ""c23"": 8}, {""c01"": 0, ""c02"": 0, ""c03"": 0, ""c12"": 2, ""c13"": 0, ""c23"": 0}, {""c01"": 0, ""c02"": 2, ""c03"": 4, ""c12"": 0, ""c13"": 4, ""c23"": 8}, {""c01"": 0, ""c02"": 2, ""c03"": 0, ""c12"": 0, ""c13"": 8, ""c23"": 0}, {""c01"": 2, ""c02"": 2, ""c03"": 0, ""c12"": 0, ""c13"": 4, ""c23"": 8}, {""c01"": 0, ""c02"": 2, ""c03"": 0, ""c12"": 0, ""c13"": 0, ""c23"": 8}, {""c01"": 0, ""c02"": 0, ""c03"": 4, ""c12"": 2, ""c13"": 12, ""c23"": 0}, {""c01"": 2, ""c02"": 2, ""c03"": 8, ""c12"": 0, ""c13"": 12, ""c23"": 0}, {""c01"": 0, ""c02"": 0, ""c03"": 12, ""c12"": 2, ""c13"": 4, ""c23"": 0}, {""c01"": 2, ""c02"": 0, ""c03"": 4, ""c12"": 2, ""c13"": 0, ""c23"": 0}, {""c01"": 0, ""c02"": 0, ""c03"": 4, ""c12"": 2, ""c13"": 4, ""c23"": 8}, {""c01"": 2, ""c02"": 0, ""c03"": 0, ""c12"": 2, ""c13"": 4, ""c23"": 0}, {""c01"": 0, ""c02"": 2, ""c03"": 8, ""c12"": 0, ""c13"": 0, ""c23"": 0}, {""c01"": 2, ""c02"": 2, ""c03"": 8, ""c12"": 0, ""c13"": 4, ""c23"": 8}, {""c01"": 2, ""c02"": 0, ""c03"": 8, ""c12"": 2, ""c13"": 12, ""c23"": 0}, {""c01"": 0, ""c02"": 0, ""c03"": 0, ""c12"": 2, ""c13"": 8, ""c23"": 0}, {""c01"": 0, ""c02"": 2, ""c03"": 12, ""c12"": 0, ""c13"": 12, ""c23"": 0}, {""c01"": 0, ""c02"": 0, ""c03"": 8, ""c12"": 2, ""c13"": 0, ""c23"": 0}, {""c01"": 2, ""c02"": 2, ""c03"": 0, ""c12"": 0, ""c13"": 12, ""c23"": 8}, {""c01"": 2, ""c02"": 0, ""c03"": 12, ""c12"": 2, ""c13"": 8, ""c23"": 8}, {""c01"": 2, ""c02"": 0, ""c03"": 8, ""c12"": 2, ""c13"": 4, ""c23"": 8}, {""c01"": 0, ""c02"": 2, ""c03"": 4, ""c12"": 0, ""c13"": 12, ""c23"": 8}, {""c01"": 2, ""c02"": 2, ""c03"": 12, ""c12"": 0, ""c13"": 0, ""c23"": 0}, {""c01"": 0, ""c02"": 0, ""c03"": 0, ""c12"": 2, ""c13"": 0, ""c23"": 8}, {""c01"": 0, ""c02"": 2, ""c03"": 12, ""c12"": 0, ""c13"": 4, ""c23"": 8}, {""c01"": 0, ""c02"": 2, ""c03"": 0, ""c12"": 0, ""c13"": 8, ""c23"": 8}, {""c01"": 2, ""c02"": 2, ""c03"": 4, ""c12"": 0, ""c13"": 0, ""c23"": 8}, {""c01"": 2, ""c02"": 2, ""c03"": 4, ""c12"": 0, ""c13"": 8, ""c23"": 0}, {""c01"": 0, ""c02"": 0, ""c03"": 12, ""c12"": 2, ""c13"": 12, ""c23"": 0}, {""c01"": 2, ""c02"": 0, ""c03"": 4, ""c12"": 2, ""c13"": 8, ""c23"": 0}, {""c01"": 0, ""c02"": 0, ""c03"": 4, ""c12"": 2, ""c13"": 12, ""c23"": 8}, {""c01"": 2, ""c02"": 0, ""c03"": 12, ""c12"": 2, ""c13"": 0, ""c23"": 0}, {""c01"": 0, ""c02"": 0, ""c03"": 12, ""c12"": 2, ""c13"": 4, ""c23"": 8}, {""c01"": 0, ""c02"": 2, ""c03"": 8, ""c12"": 0, ""c13"": 8, ""c23"": 0}, {""c01"": 2, ""c02"": 0, ""c03"": 0, ""c12"": 2, ""c13"": 4, ""c23"": 8}, {""c01"": 2, ""c02"": 2, ""c03"": 8, ""c12"": 0, ""c13"": 12, ""c23"": 8}]"
