A,u,v,b_count,q_count,theta_quarters,k,j,word_length,word_sha256
0,55,89,9,5,5,5,6,14,0aa1b37627ccd092809f9309ef8dfc4773a428a07541131d843cec652c891033
1,317811,514229,27,16,16,11,18,44,59dbba5548414b8a63986283a3c87a75e5257dc2dba1e4a6c55574ca3063c061
2,4052739537881,6557470319842,61,39,39,23,42,102,1a2b4f828b444850b251bab198ebeb0bf48d91f7257a3667f3e6ee08859546ad
3,1066340417491710595814572169,1725375039079340637797070384,130,86,86,47,90,219,e681574c2ce58731f889369c901abea259bfe0e7b589aa0e1e5c67b6004930ed
4,119447720249892581203851665820676436622934188700177088360,193270471243015279782059101964580241188515112465021394429,269,181,181,95,186,454,92ed2bc83a2ef28d55bde0ac46e65e18bbe33cfeaeac756f998e8b2a003e3c72
5,572488245870673344662194682459267086009989015536025670856161416248139175446894290669084306226748539738437927821528,926305439978556110345168148279287821152865667970711489644302195807201560695593260839033495142464219140896452459573,545,372,372,191,378,922,b6702fa690ec1765dab4dc7d286e11943d4119a5312466099778cf45aa0b324c
6,21278040567621240190250096573155104972042275846793500076213962089840238578679717839125802288137532091430266033909453459192344331814384442833488318831899600435373589206725797621603635102375685791787722756398203081436561096758124901,34428592852410271940083613070919630635781894724017874396545964292826864597491403229723364359749415183436491553996529359881593653825629442519718308678951540824183325844045884746598230684751416672062124540392876245684047939604503325,1098,755,755,383,762,1859,8ea916050fa9723cf403c0ad07b798bc8a0b4ac83bd0e801cf088d24802cdb1f
7,47560826085308642128638691782026383110062745693928884703260494102838475008504779896361090854101455457025401324143044776114166180160702554656438274920361681150989106875091171050407797787515069337246074248523724768358072059714670001942858736056802300373066705493637091637305975712573716191127269704968186479287183399647662677946469037303681204676246925752667295746028054079126466258038707553782482000197471467485598685351978786172553903287644120133460701701937983,76955033139051988891993349545924843538584634621409968844211685729009898464030967711316111146791770203798378741320159809931832163993536805961821843243255468992542500761170599064132948475972124073717695511489403715566901329503097410645642888760823485696693776269016412652920132321783699147752782841462048863912740793877129284566937672572624944636014800567154799809930466110479885055955260907090333051774508412048087615556914794189037034882647604252580747168693313,2205,1522,1522,767,1530,3734,f3fc87fd20696bbb5e0a2fed2eb1c75efd18c0819413e433edeff1d638ba0147
8,90763163012367791693388227403080030396836464810257558994491730907039009134385900551622060047528112372548059816980785920595654897386113420377873923119647046805221991491540519100348271274117356408246613725499025644299653328941188779090788244327269345860728258088514557384333404659712186615355845249097192823178133615688122499621890385377692535516573387243127213679208367697495946665645297487892285156368094302592799778094723186613877633858428746734642135391215104854614364911442988350555898538469474529759612112066923040750953613096929411798928230536010478698672085626531067587650939081275595983106070735025888640138186694781586487798048670775566724944134885355461296613191801418084967292197512794743386938750760476663085269144222917535017820426654842705280009970463119891025677283028444758134442962339330893675691906332704836603531602230729701466000938816864961537287751841932643385926183461087690119155478699343319469729409,146857882680458379666133942286978193887882204616536056917909937164310107127395779309338892878969434629526572743466269066926722011525241460190237529401032951042504643341343427298622179692921905841422913947160561734921202890729611124462626590585765811771166133031762723923367963012747092091531360848567349609622696545834018319750023389024710865514845776913275341564596169138261623963114609838605616613917264880872838915869593210586434430625340217657329413939996807910649315960842779622687207048156085959640226148374992644322640888574483680374226234545653564285190882794033431775557353417001436114218942397284019851900977091569830424829569809237203485151960613060597374689982706717129507458218785094295438161029674859319131173603157955496357126837277531505941339646515653963638620965321713110151631540794782677812727532367140315864671032120016332545973473240594350513510202081729100456821720984607935116415380135644541917371906,4417,3057,3057,1535,3066,7482,5cfa5c4cb8f709246b619789c9bd8ab90fccec7ae8e091acd3cfad9597f28488
