gate,pass,evidence_class,detail
PRIMITIVE_BASELINE,True,MECHANICALLY_RECOMPUTED,"{""after_L"": {""A"": 1, ""j"": 7, ""k"": 0, ""pair"": [55, 89], ""pair_product"": 4895, ""phase_label"": ""i"", ""phase_mod4"": 1, ""phase_quarters"": 5, ""u"": 55, ""v"": 89, ""word"": ""BQQBBBQBQBBQBBL""}, ""after_next_B"": {""A"": 1, ""j"": 7, ""k"": 0, ""pair"": [89, 144], ""pair_product"": 12816, ""phase_label"": ""i"", ""phase_mod4"": 1, ""phase_quarters"": 5, ""u"": 89, ""v"": 144, ""word"": ""BQQBBBQBQBBQBBLB""}, ""floor_pair"": [55, 89], ""pass"": true, ""phase_quarters"": 5, ""word"": ""BQQBBBQBQBBQBBL""}"
CARRIER_CLAIM_DISPOSITIONS,True,SOURCE_DERIVED,"[{""claim"": ""Domain-0 doubled surface Z/12Z"", ""evidence_class"": ""SOURCE_DERIVED"", ""reason"": ""N_0=6 and the clean doubled-orientation carrier rule gives local surface Z/(2N_0)=Z/12Z."", ""status"": ""SUPPORTED""}, {""claim"": ""first-L structural axis-block count 1 -> 2"", ""evidence_class"": ""SOURCE_DERIVED"", ""reason"": ""Clean L freezes the completed axis and appends exactly one new active axis."", ""status"": ""SUPPORTED""}, {""claim"": ""newborn Domain-1 local doubled surface Z/24Z"", ""evidence_class"": ""SOURCE_DERIVED"", ""reason"": ""N_1=12 and the doubled-orientation rule gives the newborn local surface Z/24Z; no integration law with the inherited surface is implied."", ""status"": ""SUPPORTED_AS_LOCAL_SURFACE_ONLY""}, {""claim"": ""first-L retained carrier Z/12Z x Z/24Z"", ""evidence_class"": ""CANDIDATE_FORMALIZATION"", ""reason"": ""Independence/direct-product structure is not stated by the clean L law."", ""status"": ""NOT_YET_DERIVED""}, {""claim"": ""prefix-by-prefix doubled carrier address"", ""evidence_class"": ""SOURCE_DERIVED"", ""reason"": ""The clean source gives k and retained two-hand opposition but no address map alpha_t into Z/12Z."", ""status"": ""NOT_YET_DERIVED""}, {""claim"": ""single retained carrier with two-block presentation"", ""evidence_class"": ""CANDIDATE_FORMALIZATION"", ""reason"": ""Compatible with 1->2 structural blocks but not uniquely forced."", ""status"": ""POSSIBLE_NOT_SELECTED""}, {""claim"": ""coupled group extension at first L"", ""evidence_class"": ""CANDIDATE_FORMALIZATION"", ""reason"": ""No extension class or incidence map is supplied."", ""status"": ""POSSIBLE_NOT_SELECTED""}]"
PRODUCT_CARRIER_REMAINS_CANDIDATE,True,CANDIDATE_FORMALIZATION,"{""claim"": ""first-L retained carrier Z/12Z x Z/24Z"", ""evidence_class"": ""CANDIDATE_FORMALIZATION"", ""reason"": ""Independence/direct-product structure is not stated by the clean L law."", ""status"": ""NOT_YET_DERIVED""}"
PREFIX_ADDRESS_REMAINS_OPEN,True,SOURCE_DERIVED,"{""claim"": ""prefix-by-prefix doubled carrier address"", ""evidence_class"": ""SOURCE_DERIVED"", ""reason"": ""The clean source gives k and retained two-hand opposition but no address map alpha_t into Z/12Z."", ""status"": ""NOT_YET_DERIVED""}"
D12_TRANSLATION_NONUNIQUENESS,True,MECHANICALLY_RECOMPUTED,"{""single_cycle_count"": 4}"
FIXED_SHIFT_IDENTITY,True,MECHANICALLY_RECOMPUTED,"{""D"": 12, ""clean_QBL_seed_status"": ""HISTORICAL_DESCENDANT_ONLY"", ""eigencharacter_identity"": ""chi_b(T_1 x)=zeta_D^b chi_b(x)"", ""exact_checks"": 144, ""operator"": ""T_1(x)=x+1 mod D"", ""pass"": true, ""single_cycle"": true}"
NATIVE_SUCCESSOR_SEED_HARD_STOP,True,SOURCE_DERIVED,"{""case_1_fixed_shift_clean_seed"": ""NOT_DERIVED"", ""case_2_historical_downstream_operator"": ""SUPPORTED"", ""case_3_word_built_native_object"": ""STRONGEST_SOURCE_SUPPORTED_INTERPRETATION_NOT_FORMULA"", ""first_missing_equation"": ""alpha_B(F_B(X_empty)) = S_B(alpha_empty(X_empty))"", ""first_missing_object"": ""alpha_empty: clean retained seed state -> C_0=Z/12Z (initial doubled-carrier address/orientation coordinate)"", ""status"": ""NOT_YET_DERIVED"", ""status_line"": ""NATIVE_SUCCESSOR_SEED: NOT_YET_DERIVED"", ""typing"": ""F_B is the first clean custody B transition; alpha_empty and alpha_B are clean carrier-address maps; S_B:C_0->C_0 is the post-B native successor."", ""v7c_executable_gap"": ""The available v7c script constructs Fourier, Gauss, and reversal matrices but contains no successor function or QBL-to-successor derivation; the successor claim survives only in report/CSV artifacts."", ""why_plus_one_not_forced"": ""A 12-point single cycle is conjugate to x->x+1, and translations x->x+a are 12-cycles for a in {1,5,7,11}. The available source does not choose a clean coordinate origin, orientation, or address map.""}"
PRE_L_PREFIX_COMPLETENESS,True,MECHANICALLY_RECOMPUTED,"{""rows"": 14}"
NO_PRE_L_FALSE_DERIVATION,True,SOURCE_DERIVED,"{""rows"": 14}"
BQ_COVARIANCE_HARD_STOP,True,SOURCE_DERIVED,"{""change_only_eigencharacters"": ""POSSIBLE_NOT_FORCED"", ""change_successor"": ""POSSIBLE_NOT_FORCED"", ""conjugate_successor"": ""POSSIBLE_NOT_FORCED"", ""first_chronological_gap"": ""first B equivariance square alpha_B o F_B = S_B o alpha_empty"", ""fixed_successor_other_object_changes"": ""HISTORICAL_V7C_NORMAL_FORM_ONLY"", ""selected_clean_case"": ""NONE_DERIVED"", ""status_line"": ""PRE_L_BQ_SUCCESSOR_RECURRENCE: NOT_YET_DERIVED"", ""stronger_interpretation"": ""The native successor is best typed as a word-covariant successor system (C_t,S_t,alpha_t), whose coordinate normal form may be cyclic shift after a carrier chart is fixed. The historical fixed shift is not itself the clean custody recurrence.""}"
FIRST_L_EXTENSION_BLOCKED,True,SOURCE_DERIVED,"{""candidate_constructions"": [""one global cycle"", ""commuting factor successors"", ""coupled group extension"", ""block successor on one retained carrier""], ""first_missing_map"": ""pre-L address/successor covariance beginning at the first B, not Phi_L^S"", ""reason"": ""The seed and every pre-L B/Q update remain untyped; no lawful S_before_L exists to extend."", ""selected"": ""NONE"", ""status"": ""BLOCKED"", ""status_line"": ""FIRST_L_SUCCESSOR_EXTENSION: BLOCKED""}"
V7E_FIRST_BIRTH_TYPING,True,SOURCE_DERIVED,"{""NEWBORN_PRE_LATCH_AXIS_HISTORY"": ""ABSENT"", ""Q_DEPTH_ZERO"": ""LAWFUL_VALUE_IN_V7E"", ""V7E_AT_FIRST_AXIS_BIRTH"": ""INPUT_TYPING_NOT_ESTABLISHED"", ""boundary_incidence_analogue"": ""POSSIBLE_RECONSTRUCTION_CLUE_REQUIRES_NEW_BIRTH_INCIDENCE_MAP"", ""modern_pairing_or_transfer_authority"": ""NOT_LICENSED"", ""reason"": ""The extractor accepts q=0, but its input is two axis histories that both preexist a shared latch. At the first clean L the newborn axis has no pre-latch history.""}"
SPECTRAL_MODULE_ROLE,True,SOURCE_DERIVED,"{""custody_role"": ""NOT_A_PRIMITIVE_AND_NOT_THE_EARLIEST_OPERATIONAL_GAP"", ""first_L_local_surface_if_used"": ""Q(zeta_24) suffices for the newborn Z/24Z local cycle; integration remains open"", ""minimum_splitting_field_for_a_12_cycle"": ""Q(zeta_12)"", ""pre_L_carrier"": ""C_0=Z/12Z"", ""representation_space"": ""K[C_0] with point basis delta_x or function space Fun(C_0,K)"", ""status_line"": ""AMBIENT_SPECTRAL_MODULE_ROLE: REQUIRED_FOR_EIGENBASIS_AND_PAIRING_FORMALIZATION"", ""successor_to_pairing_bridge"": ""requires a typed S_t action and a declared bilinear/sesquilinear eigenform; neither is clean-derived"", ""unitary_fourier_normalization"": ""requires adjoining 1/sqrt(12), or using C""}"
STATUS_BOUNDARY,True,SOURCE_DERIVED,"{""ACTIVE_AXIS_LOCAL_SHORTHAND"": ""PASS"", ""AMBIENT_SPECTRAL_MODULE_ROLE"": ""REQUIRED_FOR_EIGENBASIS_AND_PAIRING_FORMALIZATION"", ""CHART_RESTRICTIONS"": ""NOT_YET_DERIVED"", ""DOMAIN0_DOUBLED_CYCLIC_SURFACE"": ""SUPPORTED"", ""FIRST_L_AXIS_BLOCK_COUNT"": ""1_TO_2"", ""FIRST_L_CARRY"": ""PASS"", ""FIRST_L_ORTHAD_EXTENSION"": ""STRUCTURAL_AXIS_BLOCK_ONLY"", ""FIRST_L_RETAINED_PRODUCT_CARRIER"": ""NOT_YET_DERIVED"", ""FIRST_L_SUCCESSOR_EXTENSION"": ""BLOCKED"", ""FIRST_NEXT_DOMAIN_B"": ""PASS"", ""FIXED_CYCLIC_SHIFT_DESCENDANT"": ""VERIFIED_D12"", ""GAUGE_FQM_WEIL_DESCENT"": ""NOT_RUN"", ""MIXED_TRANSFER_RECURRENCE"": ""NOT_YET_DERIVED"", ""NATIVE_SUCCESSOR_SEED"": ""NOT_YET_DERIVED"", ""NEWBORN_DOMAIN1_LOCAL_DOUBLED_SURFACE"": ""SUPPORTED_AS_LOCAL_SURFACE_ONLY"", ""ORTHAD_CAUSAL_PROJECTION"": ""NOT_RUN"", ""PRE_L_BQ_SUCCESSOR_RECURRENCE"": ""NOT_YET_DERIVED"", ""PRIMARY_PAIRING_RECURRENCE"": ""NOT_YET_DERIVED"", ""PRIMITIVE_FIRST_CROSSING"": ""PASS"", ""RETAINED_DOUBLED_PREFIX_ADDRESS"": ""NOT_YET_DERIVED""}"
DOWNSTREAM_OUTPUTS_ABSENT,True,MECHANICALLY_RECOMPUTED,[]
